{"cameraMode":{"drawMode":0,"name":"Shaded","section":"Shading Mode"},"sceneLighting":false,"audioPlay":false,"sceneViewState":{"showFog":true,"showMaterialUpdate":false,"showSkybox":false,"showFlares":true,"showImageEffects":true,"showParticleSystems":true},"in2DMode":false,"pivot":{"x":-0.5829999446868897,"y":0.3661937117576599,"z":1.9559999704360963},"rotation":{"x":-0.2253442257642746,"y":0.31252139806747439,"z":-0.07658585160970688,"w":-0.9196113348007202},"size":2.983741283416748,"orthographic":false}